Model,MSE,R²
Linear Regression,24.291119474973517,0.668759493535632
Random Forest,7.912745333333333,0.8920995891343227
